edge_index,sample_index,parameter,x_mm,y_mm,z_mm
0,0,-3.955,-79.09999999999998,45.300000000000004,55.300000000000004
0,1,-3.8759,-78.30899999999998,45.300000000000004,55.300000000000004
0,2,-3.7968,-77.51799999999999,45.300000000000004,55.300000000000004
0,3,-3.7177000000000002,-76.72699999999999,45.300000000000004,55.300000000000004
0,4,-3.6386000000000003,-75.93599999999998,45.300000000000004,55.300000000000004
0,5,-3.5595,-75.14499999999998,45.300000000000004,55.300000000000004
0,6,-3.4804000000000004,-74.35399999999998,45.300000000000004,55.300000000000004
0,7,-3.4013,-73.56299999999999,45.300000000000004,55.300000000000004
0,8,-3.3222,-72.77199999999999,45.300000000000004,55.300000000000004
0,9,-3.2431,-71.98099999999998,45.300000000000004,55.300000000000004
0,10,-3.164,-71.18999999999998,45.300000000000004,55.300000000000004
0,11,-3.0849,-70.39899999999999,45.300000000000004,55.300000000000004
0,12,-3.0058000000000002,-69.60799999999999,45.300000000000004,55.300000000000004
0,13,-2.9267000000000003,-68.81699999999998,45.300000000000004,55.300000000000004
0,14,-2.8476,-68.02599999999998,45.300000000000004,55.300000000000004
0,15,-2.7685000000000004,-67.23499999999999,45.300000000000004,55.300000000000004
0,16,-2.6894,-66.44399999999999,45.300000000000004,55.300000000000004
0,17,-2.6103,-65.65299999999999,45.300000000000004,55.300000000000004
0,18,-2.5312,-64.86199999999998,45.300000000000004,55.300000000000004
0,19,-2.4521,-64.07099999999998,45.300000000000004,55.300000000000004
0,20,-2.373,-63.27999999999999,45.300000000000004,55.300000000000004
0,21,-2.2939000000000003,-62.48899999999999,45.300000000000004,55.300000000000004
0,22,-2.2148000000000003,-61.697999999999986,45.300000000000004,55.300000000000004
0,23,-2.1357,-60.90699999999998,45.300000000000004,55.300000000000004
0,24,-2.0566000000000004,-60.115999999999985,45.300000000000004,55.300000000000004
0,25,-1.9775000000000003,-59.32499999999998,45.300000000000004,55.300000000000004
0,26,-1.8984,-58.53399999999999,45.300000000000004,55.300000000000004
0,27,-1.8193000000000001,-57.74299999999998,45.300000000000004,55.300000000000004
0,28,-1.7402000000000002,-56.951999999999984,45.300000000000004,55.300000000000004
0,29,-1.6611000000000002,-56.16099999999999,45.300000000000004,55.300000000000004
0,30,-1.5820000000000003,-55.36999999999999,45.300000000000004,55.300000000000004
0,31,-1.5029000000000003,-54.578999999999986,45.300000000000004,55.300000000000004
0,32,-1.4238000000000004,-53.78799999999998,45.300000000000004,55.300000000000004
0,33,-1.3447,-52.99699999999998,45.300000000000004,55.300000000000004
0,34,-1.2656,-52.20599999999998,45.300000000000004,55.300000000000004
0,35,-1.1865000000000006,-51.41499999999999,45.300000000000004,55.300000000000004
0,36,-1.1074000000000006,-50.62399999999998,45.300000000000004,55.300000000000004
0,37,-1.0283000000000002,-49.832999999999984,45.300000000000004,55.300000000000004
0,38,-0.9492000000000003,-49.04199999999999,45.300000000000004,55.300000000000004
0,39,-0.8701000000000003,-48.25099999999999,45.300000000000004,55.300000000000004
0,40,-0.7910000000000004,-47.45999999999999,45.300000000000004,55.300000000000004
0,41,-0.7119000000000004,-46.66899999999998,45.300000000000004,55.300000000000004
0,42,-0.6328000000000005,-45.877999999999986,45.300000000000004,55.300000000000004
0,43,-0.5537000000000005,-45.08699999999999,45.300000000000004,55.300000000000004
0,44,-0.4746000000000006,-44.29599999999999,45.300000000000004,55.300000000000004
0,45,-0.3955000000000002,-43.50499999999998,45.300000000000004,55.300000000000004
0,46,-0.31640000000000024,-42.713999999999984,45.300000000000004,55.300000000000004
0,47,-0.23730000000000073,-41.922999999999995,45.300000000000004,55.300000000000004
0,48,-0.15820000000000078,-41.13199999999999,45.300000000000004,55.300000000000004
0,49,-0.07910000000000039,-40.34099999999999,45.300000000000004,55.300000000000004
0,50,-4.440892098500626e-16,-39.54999999999999,45.300000000000004,55.300000000000004
0,51,0.0790999999999995,-38.758999999999986,45.300000000000004,55.300000000000004
0,52,0.1581999999999999,-37.96799999999998,45.300000000000004,55.300000000000004
0,53,0.2372999999999994,-37.17699999999999,45.300000000000004,55.300000000000004
0,54,0.3163999999999998,-36.38599999999998,45.300000000000004,55.300000000000004
0,55,0.3955000000000002,-35.594999999999985,45.300000000000004,55.300000000000004
0,56,0.4745999999999997,-34.80399999999999,45.300000000000004,55.300000000000004
0,57,0.5536999999999992,-34.01299999999999,45.300000000000004,55.300000000000004
0,58,0.6327999999999996,-33.22199999999999,45.300000000000004,55.300000000000004
0,59,0.7118999999999991,-32.43099999999999,45.300000000000004,55.300000000000004
0,60,0.7909999999999995,-31.639999999999986,45.300000000000004,55.300000000000004
0,61,0.870099999999999,-30.848999999999993,45.300000000000004,55.300000000000004
0,62,0.9491999999999994,-30.05799999999999,45.300000000000004,55.300000000000004
0,63,1.0282999999999998,-29.266999999999985,45.300000000000004,55.300000000000004
0,64,1.1073999999999993,-28.475999999999992,45.300000000000004,55.300000000000004
0,65,1.1864999999999997,-27.684999999999988,45.300000000000004,55.300000000000004
0,66,1.2656,-26.893999999999984,45.300000000000004,55.300000000000004
0,67,1.3446999999999996,-26.102999999999987,45.300000000000004,55.300000000000004
0,68,1.4238,-25.311999999999983,45.300000000000004,55.300000000000004
0,69,1.5028999999999986,-24.520999999999997,45.300000000000004,55.300000000000004
0,70,1.581999999999999,-23.729999999999993,45.300000000000004,55.300000000000004
0,71,1.6610999999999994,-22.93899999999999,45.300000000000004,55.300000000000004
0,72,1.7401999999999989,-22.147999999999996,45.300000000000004,55.300000000000004
0,73,1.8192999999999993,-21.356999999999992,45.300000000000004,55.300000000000004
0,74,1.8983999999999996,-20.56599999999999,45.300000000000004,55.300000000000004
0,75,1.9774999999999991,-19.77499999999999,45.300000000000004,55.300000000000004
0,76,2.0565999999999995,-18.983999999999988,45.300000000000004,55.300000000000004
0,77,2.1357,-18.192999999999984,45.300000000000004,55.300000000000004
0,78,2.2147999999999994,-17.401999999999987,45.300000000000004,55.300000000000004
0,79,2.2939,-16.610999999999983,45.300000000000004,55.300000000000004
0,80,2.3729999999999993,-15.81999999999999,45.300000000000004,55.300000000000004
0,81,2.4520999999999997,-15.028999999999986,45.300000000000004,55.300000000000004
0,82,2.5311999999999992,-14.23799999999999,45.300000000000004,55.300000000000004
0,83,2.6102999999999987,-13.446999999999996,45.300000000000004,55.300000000000004
0,84,2.689399999999999,-12.655999999999992,45.300000000000004,55.300000000000004
0,85,2.7684999999999995,-11.864999999999988,45.300000000000004,55.300000000000004
0,86,2.847599999999999,-11.073999999999993,45.300000000000004,55.300000000000004
0,87,2.9266999999999994,-10.282999999999989,45.300000000000004,55.300000000000004
0,88,3.005799999999999,-9.491999999999994,45.300000000000004,55.300000000000004
0,89,3.0848999999999993,-8.70099999999999,45.300000000000004,55.300000000000004
0,90,3.1639999999999997,-7.909999999999986,45.300000000000004,55.300000000000004
0,91,3.243099999999999,-7.118999999999991,45.300000000000004,55.300000000000004
0,92,3.3221999999999996,-6.327999999999987,45.300000000000004,55.300000000000004
0,93,3.4013,-5.536999999999983,45.300000000000004,55.300000000000004
0,94,3.4803999999999986,-4.745999999999997,45.300000000000004,55.300000000000004
0,95,3.559499999999999,-3.954999999999993,45.300000000000004,55.300000000000004
0,96,3.6385999999999985,-3.163999999999998,45.300000000000004,55.300000000000004
0,97,3.717699999999999,-2.372999999999994,45.300000000000004,55.300000000000004
0,98,3.7967999999999993,-1.58199999999999,45.300000000000004,55.300000000000004
0,99,3.875899999999999,-0.790999999999995,45.300000000000004,55.300000000000004
0,100,3.954999999999999,8.881784197001252e-15,45.300000000000004,55.300000000000004
1,0,0.0,4.440892098500626e-15,45.300000000000004,55.300000000000004
1,1,0.2039960831084796,2.038369795730679,45.29490411437749,55.300000000000004
1,2,0.4079921662169592,4.073351233637577,45.2796468990544,55.300000000000004
1,3,0.6119882493254387,6.104634918741603,45.25427350293853,55.300000000000004
1,4,0.8159843324339184,8.131911491152582,45.21882844752475,55.300000000000004
1,5,1.019980415542398,10.154871612220793,45.173355694774216,55.300000000000004
1,6,1.2239764986508774,12.173205952665434,45.117898710962436,55.300000000000004
1,7,1.4279725817593574,14.186605182508847,45.05250052672575,55.300000000000004
1,8,1.6319686648678369,16.19475996266065,44.97720379351671,55.300000000000004
1,9,1.8359647479763164,18.197360938009986,44.892050836660495,55.300000000000004
1,10,2.039960831084796,20.194098731896773,44.79708370518778,55.300000000000004
1,11,2.2439569141932756,22.184663941844075,44.69234421860371,55.300000000000004
1,12,2.447952997301755,24.168747136444033,44.577874010737446,55.300000000000004
1,13,2.651949080410235,26.146038853298815,44.45371457080298,55.300000000000004
1,14,2.8559451635187147,28.116229597926168,44.319907281788176,55.300000000000004
1,15,3.059941246627194,30.079009843546363,44.17649345627635,55.300000000000004
1,16,3.2639373297356737,32.03407003167374,44.02351436979235,55.300000000000004
1,17,3.4679334128441535,33.98110057344128,43.861011291753144,55.300000000000004
1,18,3.6719294959526327,35.91979185159169,43.689025514091355,55.300000000000004
1,19,3.8759255790611125,37.84983422307214,43.50759837760904,55.300000000000004
1,20,4.079921662169592,39.77091802217315,43.31677129610755,55.300000000000004
1,21,4.283917745278071,41.682733564154304,43.11658577832862,55.300000000000004
1,22,4.487913828386551,43.58497114930168,42.90708344773045,55.300000000000004
1,23,4.691909911495031,45.47732106736188,42.68830606011191,55.300000000000004
1,24,4.89590599460351,47.35947360229859,42.4602955190862,55.300000000000004
1,25,5.09990207771199,49.231119037316304,42.22309388939448,55.300000000000004
1,26,5.30389816082047,51.09194766009388,41.976743408037834,55.300000000000004
1,27,5.507894243928949,52.9416497681688,41.72128649319401,55.300000000000004
1,28,5.7118903270374295,54.77991567440834,41.45676575087287,55.300000000000004
1,29,5.915886410145908,56.60643571249931,41.183223979251395,55.300000000000004
1,30,6.119882493254388,58.420900242381954,40.900704170615256,55.300000000000004
1,31,6.323878576362867,60.222999655545095,40.60924951081987,55.300000000000004
1,32,6.5278746594713475,62.01242438009109,40.30890337616835,55.300000000000004
1,33,6.731870742579827,63.78886488546674,39.99970932758786,55.300000000000004
1,34,6.935866825688307,65.55201168674385,39.681711101968766,55.300000000000004
1,35,7.139862908796785,67.3015553483158,39.354952600512945,55.300000000000004
1,36,7.3438589919052655,69.03718648685887,39.01947787391813,55.300000000000004
1,37,7.547855075013745,70.75859577338375,38.67533110420486,55.300000000000004
1,38,7.751851158122225,72.46547393417751,38.322556582970876,55.300000000000004
1,39,7.955847241230704,74.15751175040552,37.96119868583427,55.300000000000004
1,40,8.159843324339183,75.83440005610767,37.59130184280256,55.300000000000004
1,41,8.363839407447664,77.49582973428197,37.21291050427882,55.300000000000004
1,42,8.567835490556142,79.14149171070116,36.82606910238848,55.300000000000004
1,43,8.771831573664622,80.7710769450521,36.430822007282174,55.300000000000004
1,44,8.975827656773102,82.3842764189232,36.02721347804008,55.300000000000004
1,45,9.179823739881583,83.98078112009095,35.61528760777281,55.300000000000004
1,46,9.383819822990063,85.56028202246904,35.19508826248276,55.300000000000004
1,47,9.587815906098541,87.122470060984,34.766659013218955,55.300000000000004
1,48,9.79181198920702,88.66703610052429,34.33004306102799,55.300000000000004
1,49,9.9958080723155,90.19367089797501,33.88528315417538,55.300000000000004
1,50,10.19980415542398,91.70206505619488,33.43242149708607,55.300000000000004
1,51,10.40380023853246,93.19190896861166,32.97149965043211,55.300000000000004
1,52,10.60779632164094,94.6628927529037,32.50255842178214,55.300000000000004
1,53,10.811792404749418,96.11470589160803,32.02563783972267,55.300000000000004
1,54,11.015788487857899,97.54538275820131,31.541345533470484,55.300000000000004
1,55,11.219784570966379,98.95312387089447,31.050298399338047,55.300000000000004
1,56,11.423780654074859,100.3377407077447,30.5525917970698,55.300000000000004
1,57,11.627776737183336,101.69904469727156,30.048320913825826,55.300000000000004
1,58,11.831772820291816,103.03684722277673,29.537580797632792,55.300000000000004
1,59,12.035768903400296,104.35095962740223,29.02046638885558,55.300000000000004
1,60,12.239764986508776,105.64119321988544,28.49707254960846,55.300000000000004
1,61,12.443761069617254,106.90735928095557,27.967494091003186,55.300000000000004
1,62,12.647757152725735,108.14926907030235,27.431825798107297,55.300000000000004
1,63,12.851753235834215,109.36673383402564,26.890162452460387,55.300000000000004
1,64,13.055749318942695,110.55956481244979,26.342598851968763,55.300000000000004
1,65,13.259745402051173,111.72757324815252,25.789229827969983,55.300000000000004
1,66,13.463741485159654,112.8705703940161,25.230150259229,55.300000000000004
1,67,13.667737568268134,113.98836752105629,24.665455082597262,55.300000000000004
1,68,13.871733651376614,115.08077592571956,24.095239300036777,55.300000000000004
1,69,14.07572973448509,116.14760693625905,23.519597981683916,55.300000000000004
1,70,14.27972581759357,117.18867191770153,22.93862626460568,55.300000000000004
1,71,14.48372190070205,118.20378227479979,22.352419346886844,55.300000000000004
1,72,14.687717983810531,119.19274945222267,21.7610724766846,55.300000000000004
1,73,14.89171406691901,120.15538493106465,21.16468093590432,55.300000000000004
1,74,15.09571015002749,121.09150022055874,20.563340018193177,55.300000000000004
1,75,15.29970623313597,122.00090684364339,19.95714500102839,55.300000000000004
1,76,15.50370231624445,122.88341631477032,19.346191111806444,55.300000000000004
1,77,15.70769839935293,123.7388401080423,18.730573488035688,55.300000000000004
1,78,15.911694482461408,124.56698961344607,18.110387132016644,55.300000000000004
1,79,16.11569056556989,125.36767607860378,17.485726860786528,55.300000000000004
1,80,16.319686648678367,126.14674067577737,16.85167257402127,55.300000000000004
1,81,16.52368273178685,126.9162495545144,16.196966790853946,55.300000000000004
1,82,16.727678814895327,127.67381834672989,15.521333379027526,55.300000000000004
1,83,16.931674898003806,128.41651317986387,14.824938233807444,55.300000000000004
1,84,17.135670981112284,129.14140244019987,14.107949594223452,55.300000000000004
1,85,17.339667064220766,129.84555667190244,13.370537313909328,55.300000000000004
1,86,17.543663147329244,130.52604798650296,12.612871719112668,55.300000000000004
1,87,17.747659230437726,131.17994878974525,11.83512209728981,55.300000000000004
1,88,17.951655313546205,131.80432959047988,11.037454926064513,55.300000000000004
1,89,18.155651396654683,132.39625562517807,10.220032052746566,55.300000000000004
1,90,18.359647479763165,132.95278202957314,9.383009174962185,55.300000000000004
1,91,18.563643562871643,133.47103790769455,8.526377632857091,55.300000000000004
1,92,18.767639645980125,133.94882306269156,7.648694878646913,55.300000000000004
1,93,18.971635729088604,134.3828958409934,6.749874940312455,55.300000000000004
1,94,19.175631812197082,134.76972703582697,5.83029134671957,55.300000000000004
1,95,19.37962789530556,135.10578548316676,4.890316156293327,55.300000000000004
1,96,19.58362397841404,135.38714812160464,3.931781099065071,55.300000000000004
1,97,19.78762006152252,135.60907996797906,2.9624957616146794,55.300000000000004
1,98,19.991616144631,135.76961577441114,1.983863583705512,55.300000000000004
1,99,20.19561222773948,135.8671316631551,0.9962448174619544,55.300000000000004
1,100,20.39960831084796,135.9,0.0,55.300000000000004
2,0,-0.0015049920305054143,135.9,0.0,55.300000000000004
2,1,0.09852654487635613,135.8671316631551,-0.9962448174619566,55.300000000000004
2,2,0.19855808178321768,135.76961577441114,-1.9838635837055025,55.300000000000004
2,3,0.2985896186900792,135.60907996797906,-2.962495761614685,55.300000000000004
2,4,0.3986211555969408,135.38714812160467,-3.9317810990650464,55.300000000000004
2,5,0.49865269250380234,135.10578548316676,-4.89031615629332,55.300000000000004
2,6,0.5986842294106638,134.76972703582697,-5.83029134671957,55.300000000000004
2,7,0.6987157663175254,134.3828958409934,-6.749874940312454,55.300000000000004
2,8,0.798747303224387,133.94882306269156,-7.648694878646916,55.300000000000004
2,9,0.8987788401312484,133.47103790769455,-8.526377632857079,55.300000000000004
2,10,0.99881037703811,132.95278202957314,-9.383009174962185,55.300000000000004
2,11,1.0988419139449717,132.39625562517807,-10.220032052746557,55.300000000000004
2,12,1.198873450851833,131.80432959047988,-11.037454926064507,55.300000000000004
2,13,1.2989049877586947,131.17994878974525,-11.835122097289814,55.300000000000004
2,14,1.3989365246655563,130.52604798650296,-12.61287171911266,55.300000000000004
2,15,1.4989680615724177,129.84555667190244,-13.370537313909324,55.300000000000004
2,16,1.5989995984792793,129.14140244019987,-14.107949594223442,55.300000000000004
2,17,1.699031135386141,128.41651317986387,-14.82493823380744,55.300000000000004
2,18,1.7990626722930023,127.67381834672989,-15.521333379027526,55.300000000000004
2,19,1.899094209199864,126.9162495545144,-16.19696679085395,55.300000000000004
2,20,1.9991257461067256,126.14674067577737,-16.851672574021265,55.300000000000004
2,21,2.0991572830135867,125.36767607860378,-17.48572686078652,55.300000000000004
2,22,2.199188819920449,124.56698961344607,-18.110387132016637,55.300000000000004
2,23,2.2992203568273104,123.7388401080423,-18.730573488035684,55.300000000000004
2,24,2.3992518937341716,122.88341631477032,-19.34619111180644,55.300000000000004
2,25,2.499283430641033,122.00090684364339,-19.957145001028383,55.300000000000004
2,26,2.599314967547895,121.09150022055874,-20.563340018193173,55.300000000000004
2,27,2.6993465044547564,120.15538493106467,-21.16468093590431,55.300000000000004
2,28,2.799378041361618,119.19274945222267,-21.761072476684596,55.300000000000004
2,29,2.8994095782684792,118.20378227479979,-22.35241934688684,55.300000000000004
2,30,2.999441115175341,117.18867191770156,-22.938626264605674,55.300000000000004
2,31,3.0994726520822025,116.14760693625908,-23.51959798168391,55.300000000000004
2,32,3.199504188989064,115.08077592571956,-24.095239300036773,55.300000000000004
2,33,3.2995357258959257,113.98836752105629,-24.66545508259726,55.300000000000004
2,34,3.3995672628027873,112.87057039401611,-25.230150259229,55.300000000000004
2,35,3.4995987997096485,111.72757324815257,-25.789229827969983,55.300000000000004
2,36,3.59963033661651,110.55956481244982,-26.342598851968763,55.300000000000004
2,37,3.6996618735233717,109.36673383402565,-26.890162452460387,55.300000000000004
2,38,3.7996934104302333,108.14926907030238,-27.43182579810729,55.300000000000004
2,39,3.899724947337095,106.9073592809556,-27.967494091003182,55.300000000000004
2,40,3.9997564842439566,105.64119321988545,-28.49707254960846,55.300000000000004
2,41,4.099788021150817,104.35095962740228,-29.020466388855578,55.300000000000004
2,42,4.199819558057679,103.03684722277677,-29.537580797632785,55.300000000000004
2,43,4.2998510949645405,101.69904469727159,-30.04832091382582,55.300000000000004
2,44,4.399882631871403,100.3377407077447,-30.55259179706981,55.300000000000004
2,45,4.499914168778265,98.95312387089449,-31.050298399338047,55.300000000000004
2,46,4.599945705685126,97.54538275820131,-31.541345533470484,55.300000000000004
2,47,4.699977242591987,96.11470589160805,-32.02563783972267,55.300000000000004
2,48,4.800008779498849,94.6628927529037,-32.50255842178215,55.300000000000004
2,49,4.90004031640571,93.19190896861166,-32.97149965043211,55.300000000000004
2,50,5.000071853312572,91.70206505619488,-33.43242149708607,55.300000000000004
2,51,5.1001033902194335,90.19367089797501,-33.88528315417538,55.300000000000004
2,52,5.200134927126295,88.66703610052429,-34.33004306102799,55.300000000000004
2,53,5.300166464033157,87.12247006098397,-34.766659013218955,55.300000000000004
2,54,5.400198000940018,85.560282022469,-35.19508826248277,55.300000000000004
2,55,5.50022953784688,83.98078112009094,-35.615287607772814,55.300000000000004
2,56,5.600261074753742,82.3842764189232,-36.02721347804008,55.300000000000004
2,57,5.700292611660602,80.7710769450521,-36.430822007282174,55.300000000000004
2,58,5.800324148567464,79.14149171070117,-36.82606910238847,55.300000000000004
2,59,5.9003556854743255,77.49582973428197,-37.21291050427882,55.300000000000004
2,60,6.000387222381187,75.83440005610767,-37.59130184280256,55.300000000000004
2,61,6.100418759288049,74.15751175040553,-37.96119868583426,55.300000000000004
2,62,6.20045029619491,72.46547393417751,-38.322556582970876,55.300000000000004
2,63,6.300481833101772,70.75859577338375,-38.67533110420486,55.300000000000004
2,64,6.400513370008634,69.03718648685887,-39.01947787391813,55.300000000000004
2,65,6.500544906915495,67.3015553483158,-39.354952600512945,55.300000000000004
2,66,6.600576443822357,65.55201168674385,-39.681711101968766,55.300000000000004
2,67,6.7006079807292185,63.78886488546674,-39.99970932758786,55.300000000000004
2,68,6.80063951763608,62.01242438009107,-40.30890337616835,55.300000000000004
2,69,6.900671054542941,60.22299965554511,-40.60924951081987,55.300000000000004
2,70,7.0007025914498024,58.42090024238196,-40.900704170615256,55.300000000000004
2,71,7.100734128356664,56.60643571249932,-41.183223979251395,55.300000000000004
2,72,7.200765665263526,54.77991567440834,-41.45676575087287,55.300000000000004
2,73,7.300797202170387,52.94164976816881,-41.72128649319401,55.300000000000004
2,74,7.400828739077249,51.09194766009389,-41.976743408037834,55.30000000000001
2,75,7.5008602759841105,49.23111903731631,-42.22309388939448,55.30000000000001
2,76,7.600891812890972,47.35947360229861,-42.4602955190862,55.30000000000001
2,77,7.700923349797834,45.477321067361885,-42.68830606011191,55.30000000000001
2,78,7.800954886704695,43.5849711493017,-42.90708344773045,55.30000000000001
2,79,7.900986423611557,41.682733564154326,-43.11658577832861,55.30000000000001
2,80,8.00101796051842,39.77091802217312,-43.31677129610756,55.30000000000001
2,81,8.101049497425281,37.84983422307212,-43.50759837760904,55.30000000000001
2,82,8.201081034332141,35.9197918515917,-43.689025514091355,55.30000000000001
2,83,8.301112571239003,33.98110057344128,-43.861011291753144,55.30000000000001
2,84,8.401144108145864,32.03407003167375,-44.02351436979235,55.30000000000001
2,85,8.501175645052726,30.079009843546366,-44.17649345627635,55.30000000000001
2,86,8.601207181959587,28.116229597926164,-44.319907281788176,55.30000000000001
2,87,8.701238718866449,26.146038853298815,-44.45371457080298,55.30000000000001
2,88,8.801270255773312,24.168747136444,-44.577874010737446,55.30000000000001
2,89,8.901301792680174,22.18466394184404,-44.692344218603715,55.30000000000001
2,90,9.001333329587036,20.194098731896737,-44.79708370518779,55.30000000000001
2,91,9.101364866493897,18.19736093800995,-44.892050836660495,55.30000000000001
2,92,9.201396403400759,16.19475996266061,-44.97720379351671,55.30000000000001
2,93,9.30142794030762,14.186605182508806,-45.05250052672575,55.30000000000001
2,94,9.40145947721448,12.173205952665429,-45.117898710962436,55.30000000000001
2,95,9.501491014121342,10.154871612220791,-45.173355694774216,55.30000000000001
2,96,9.601522551028204,8.131911491152582,-45.21882844752475,55.30000000000001
2,97,9.701554087935065,6.104634918741594,-45.25427350293853,55.30000000000001
2,98,9.801585624841927,4.073351233637568,-45.2796468990544,55.30000000000001
2,99,9.901617161748788,2.0383697957306657,-45.29490411437749,55.30000000000001
2,100,10.00164869865565,-4.440892098500626e-15,-45.300000000000004,55.30000000000001
3,0,-3.955,1.7763568394002505e-14,-45.300000000000004,55.300000000000004
3,1,-3.8759,-0.7909999999999817,-45.300000000000004,55.300000000000004
3,2,-3.7968,-1.5819999999999812,-45.300000000000004,55.300000000000004
3,3,-3.7177000000000002,-2.3729999999999807,-45.300000000000004,55.300000000000004
3,4,-3.6386000000000003,-3.16399999999998,-45.300000000000004,55.300000000000004
3,5,-3.5595,-3.954999999999984,-45.300000000000004,55.300000000000004
3,6,-3.4804,-4.745999999999984,-45.300000000000004,55.300000000000004
3,7,-3.4013,-5.536999999999983,-45.300000000000004,55.300000000000004
3,8,-3.3222,-6.3279999999999825,-45.300000000000004,55.300000000000004
3,9,-3.2431,-7.118999999999982,-45.300000000000004,55.300000000000004
3,10,-3.164,-7.9099999999999815,-45.300000000000004,55.300000000000004
3,11,-3.0849,-8.700999999999981,-45.300000000000004,55.300000000000004
3,12,-3.0058000000000002,-9.49199999999998,-45.300000000000004,55.300000000000004
3,13,-2.9267000000000003,-10.28299999999998,-45.300000000000004,55.300000000000004
3,14,-2.8476,-11.073999999999984,-45.300000000000004,55.300000000000004
3,15,-2.7685000000000004,-11.864999999999979,-45.300000000000004,55.300000000000004
3,16,-2.6894,-12.655999999999983,-45.300000000000004,55.300000000000004
3,17,-2.6102999999999996,-13.446999999999987,-45.300000000000004,55.300000000000004
3,18,-2.5312,-14.237999999999982,-45.300000000000004,55.300000000000004
3,19,-2.4520999999999997,-15.028999999999986,-45.300000000000004,55.300000000000004
3,20,-2.373,-15.81999999999998,-45.300000000000004,55.300000000000004
3,21,-2.2939,-16.610999999999983,-45.300000000000004,55.300000000000004
3,22,-2.2148000000000003,-17.40199999999998,-45.300000000000004,55.300000000000004
3,23,-2.1357,-18.192999999999984,-45.300000000000004,55.300000000000004
3,24,-2.0566000000000004,-18.98399999999998,-45.300000000000004,55.300000000000004
3,25,-1.9775,-19.774999999999984,-45.300000000000004,55.300000000000004
3,26,-1.8984,-20.56599999999998,-45.300000000000004,55.300000000000004
3,27,-1.8192999999999997,-21.356999999999985,-45.300000000000004,55.300000000000004
3,28,-1.7401999999999997,-22.147999999999985,-45.300000000000004,55.300000000000004
3,29,-1.6611000000000002,-22.93899999999998,-45.300000000000004,55.300000000000004
3,30,-1.5820000000000003,-23.72999999999998,-45.300000000000004,55.300000000000004
3,31,-1.5029,-24.520999999999983,-45.300000000000004,55.300000000000004
3,32,-1.4238,-25.311999999999983,-45.300000000000004,55.300000000000004
3,33,-1.3447,-26.102999999999984,-45.300000000000004,55.300000000000004
3,34,-1.2655999999999996,-26.893999999999988,-45.300000000000004,55.300000000000004
3,35,-1.1865,-27.68499999999998,-45.300000000000004,55.300000000000004
3,36,-1.1074000000000002,-28.47599999999998,-45.300000000000004,55.300000000000004
3,37,-1.0283000000000002,-29.26699999999998,-45.300000000000004,55.300000000000004
3,38,-0.9491999999999998,-30.057999999999986,-45.300000000000004,55.300000000000004
3,39,-0.8700999999999999,-30.848999999999982,-45.300000000000004,55.300000000000004
3,40,-0.7909999999999999,-31.639999999999983,-45.300000000000004,55.300000000000004
3,41,-0.7119000000000004,-32.430999999999976,-45.300000000000004,55.300000000000004
3,42,-0.6328,-33.22199999999998,-45.300000000000004,55.300000000000004
3,43,-0.5537000000000001,-34.012999999999984,-45.300000000000004,55.300000000000004
3,44,-0.47460000000000013,-34.80399999999998,-45.300000000000004,55.300000000000004
3,45,-0.39549999999999974,-35.594999999999985,-45.300000000000004,55.300000000000004
3,46,-0.3163999999999998,-36.38599999999998,-45.300000000000004,55.300000000000004
3,47,-0.2373000000000003,-37.17699999999998,-45.300000000000004,55.300000000000004
3,48,-0.15820000000000034,-37.96799999999998,-45.300000000000004,55.300000000000004
3,49,-0.07909999999999995,-38.758999999999986,-45.300000000000004,55.300000000000004
3,50,0.0,-39.54999999999998,-45.300000000000004,55.300000000000004
3,51,0.07910000000000039,-40.34099999999999,-45.300000000000004,55.300000000000004
3,52,0.1581999999999999,-41.131999999999984,-45.300000000000004,55.300000000000004
3,53,0.2373000000000003,-41.92299999999999,-45.300000000000004,55.300000000000004
3,54,0.3164000000000007,-42.71399999999999,-45.300000000000004,55.300000000000004
3,55,0.3955000000000002,-43.50499999999998,-45.300000000000004,55.300000000000004
3,56,0.4746000000000006,-44.29599999999999,-45.300000000000004,55.300000000000004
3,57,0.5536999999999992,-45.086999999999975,-45.300000000000004,55.300000000000004
3,58,0.6327999999999996,-45.87799999999998,-45.300000000000004,55.300000000000004
3,59,0.7119,-46.66899999999998,-45.300000000000004,55.300000000000004
3,60,0.7909999999999995,-47.45999999999998,-45.300000000000004,55.300000000000004
3,61,0.8700999999999999,-48.25099999999998,-45.300000000000004,55.300000000000004
3,62,0.9492000000000003,-49.04199999999999,-45.300000000000004,55.300000000000004
3,63,1.0282999999999998,-49.832999999999984,-45.300000000000004,55.300000000000004
3,64,1.1074000000000002,-50.62399999999998,-45.300000000000004,55.300000000000004
3,65,1.1865000000000006,-51.41499999999999,-45.300000000000004,55.300000000000004
3,66,1.2656,-52.20599999999998,-45.300000000000004,55.300000000000004
3,67,1.3447000000000005,-52.996999999999986,-45.300000000000004,55.300000000000004
3,68,1.4238000000000008,-53.78799999999999,-45.300000000000004,55.300000000000004
3,69,1.5028999999999995,-54.57899999999998,-45.300000000000004,55.300000000000004
3,70,1.5819999999999999,-55.36999999999998,-45.300000000000004,55.300000000000004
3,71,1.6610999999999994,-56.16099999999997,-45.300000000000004,55.300000000000004
3,72,1.7401999999999997,-56.951999999999984,-45.300000000000004,55.300000000000004
3,73,1.8193000000000001,-57.74299999999998,-45.300000000000004,55.300000000000004
3,74,1.8983999999999996,-58.53399999999998,-45.300000000000004,55.300000000000004
3,75,1.9775,-59.32499999999998,-45.300000000000004,55.300000000000004
3,76,2.0566000000000004,-60.115999999999985,-45.300000000000004,55.300000000000004
3,77,2.1357,-60.90699999999998,-45.300000000000004,55.300000000000004
3,78,2.2148000000000003,-61.697999999999986,-45.300000000000004,55.300000000000004
3,79,2.2939000000000007,-62.48899999999999,-45.300000000000004,55.300000000000004
3,80,2.373,-63.27999999999999,-45.300000000000004,55.300000000000004
3,81,2.4521000000000006,-64.07099999999998,-45.300000000000004,55.300000000000004
3,82,2.5311999999999992,-64.86199999999998,-45.300000000000004,55.300000000000004
3,83,2.6102999999999996,-65.65299999999998,-45.300000000000004,55.300000000000004
3,84,2.6894,-66.44399999999999,-45.300000000000004,55.300000000000004
3,85,2.7684999999999995,-67.23499999999999,-45.300000000000004,55.300000000000004
3,86,2.8476,-68.02599999999998,-45.300000000000004,55.300000000000004
3,87,2.9267000000000003,-68.81699999999998,-45.300000000000004,55.300000000000004
3,88,3.0058,-69.60799999999998,-45.300000000000004,55.300000000000004
3,89,3.0849,-70.39899999999999,-45.300000000000004,55.300000000000004
3,90,3.1640000000000006,-71.18999999999998,-45.300000000000004,55.300000000000004
3,91,3.2431,-71.98099999999998,-45.300000000000004,55.300000000000004
3,92,3.3222000000000005,-72.77199999999999,-45.300000000000004,55.300000000000004
3,93,3.401300000000001,-73.56299999999999,-45.300000000000004,55.300000000000004
3,94,3.4803999999999995,-74.35399999999998,-45.300000000000004,55.300000000000004
3,95,3.5595,-75.14499999999998,-45.300000000000004,55.300000000000004
3,96,3.6385999999999994,-75.93599999999998,-45.300000000000004,55.300000000000004
3,97,3.7177,-76.72699999999998,-45.300000000000004,55.300000000000004
3,98,3.7968,-77.51799999999999,-45.300000000000004,55.300000000000004
3,99,3.8758999999999997,-78.30899999999998,-45.300000000000004,55.300000000000004
3,100,3.955,-79.09999999999998,-45.300000000000004,55.300000000000004
